country_code,en,ar,de,es,fr,zh,it,nl,ja,ru,uk,ko,pt-br,tr,pl,zh-hk,fi
AC,Ascension Island,جزيرة أسينشيون,Ascension,Isla Ascensión,Île de l’Ascension,阿森松岛,Isola di Ascensione,Ascension,アセンション島,Остров Вознесения,Острів Вознесіння,어센션 섬,Ilha da Ascensão,Ascension Adası,Wyspa Ascension,阿森松島,Ascension
AD,Andorra,أندورا,Andorra,Andorra,Andorre,安道尔,Andorra,Andorra,アンドラ,Андорра,Андорра,안도라,Andorra,Andorra,Andora,安道爾,Andorra
AE,United Arab Emirates,الإمارات العربية المتحدة,Vereinigte Arabische Emirate,Emiratos Árabes Unidos,Émirats arabes unis,阿拉伯联合酋长国,Emirati Arabi Uniti,Verenigde Arabische Emiraten,アラブ首長国連邦,Объединенные Арабские Эмираты,Об’єднані Арабські Емірати,아랍에미리트,Emirados Árabes Unidos,Birleşik Arap Emirlikleri,Zjednoczone Emiraty Arabskie,阿拉伯聯合酋長國,Yhdistyneet arabiemiirikunnat
AF,Afghanistan,أفغانستان,Afghanistan,Afganistán,Afghanistan,阿富汗,Afghanistan,Afghanistan,アフガニスタン,Афганистан,Афганістан,아프가니스탄,Afeganistão,Afganistan,Afganistan,阿富汗,Afganistan
AG,Antigua & Barbuda,أنتيجوا وبربودا,Antigua und Barbuda,Antigua y Barbuda,Antigua-et-Barbuda,安提瓜和巴布达,Antigua e Barbuda,Antigua en Barbuda,アンティグア・バーブーダ,Антигуа и Барбуда,Антигуа і Барбуда,앤티가 바부다,Antígua e Barbuda,Antigua ve Barbuda,Antigua i Barbuda,安堤瓜及巴爾布達,Antigua ja Barbuda
AI,Anguilla,أنغويلا,Anguilla,Anguila,Anguilla,安圭拉,Anguilla,Anguilla,アンギラ,Ангилья,Ангілья,앙귈라,Anguila,Anguilla,Anguilla,安圭拉,Anguilla
AL,Albania,ألبانيا,Albanien,Albania,Albanie,阿尔巴尼亚,Albania,Albanië,アルバニア,Албания,Албанія,알바니아,Albânia,Arnavutluk,Albania,阿爾巴尼亞,Albania
AM,Armenia,أرمينيا,Armenien,Armenia,Arménie,亚美尼亚,Armenia,Armenië,アルメニア,Армения,Вірменія,아르메니아,Armênia,Ermenistan,Armenia,亞美尼亞,Armenia
AN,Netherlands Antilles,جزر الأنتيل الهولندية,Niederländische Antillen,Antillas Neerlandesas,Antilles néerlandaises,荷属安的列斯群岛,Antille Olandesi,Nederlandse Antillen,オランダ領アンティル,Нидерландские Антильские острова,Нідерландські Антильські острови,네덜란드령 안틸레스,Antilhas Holandesas,Hollanda Antilleri,Antyle Holenderskie,荷屬安的列斯群島,Alankomaiden Antillit
AO,Angola,أنجولا,Angola,Angola,Angola,安哥拉,Angola,Angola,アンゴラ,Ангола,Ангола,앙골라,Angola,Angola,Angola,安哥拉,Angola
AQ,Antarctica,أنتاركتيكا,Antarktis,Antártida,Antarctique,南极洲,Antartide,Antarctica,南極大陸,Антарктида,Антарктида,남극,Antártica,Antarktika,Antarktyda,南極洲,Etelämanner
AR,Argentina,الأرجنتين,Argentinien,Argentina,Argentine,阿根廷,Argentina,Argentinië,アルゼンチン,Аргентина,Аргентина,아르헨티나,Argentina,Arjantin,Argentyna,阿根廷,Argentiina
AS,American Samoa,ساموا الأمريكية,Amerikanisch-Samoa,Samoa Americana,Samoa américaines,美属萨摩亚,Samoa Americane,Amerikaans-Samoa,アメリカ領サモア,Американское Самоа,Американське Самоа,미국령 사모아,Samoa Americana,Amerikan Samoası,Samoa Amerykańskie,美屬薩摩亞,Amerikan Samoa
AT,Austria,النمسا,Österreich,Austria,Autriche,奥地利,Austria,Oostenrijk,オーストリア,Австрия,Австрія,오스트리아,Áustria,Avusturya,Austria,奧地利,Itävalta
AU,Australia,أستراليا,Australien,Australia,Australie,澳大利亚,Australia,Australië,オーストラリア,Австралия,Австралія,호주,Austrália,Avustralya,Australia,澳洲,Australia
AW,Aruba,آروبا,Aruba,Aruba,Aruba,阿鲁巴,Aruba,Aruba,アルバ,Аруба,Аруба,아루바,Aruba,Aruba,Aruba,阿魯巴,Aruba
AX,Åland Islands,جزر آلاند,Ålandinseln,Islas Åland,Îles Åland,奥兰群岛,Isole Åland,Åland,オーランド諸島,Аландские острова,Аландські острови,올란드 제도,Ilhas Aland,Åland Adaları,Wyspy Alandzkie,奧蘭群島,Ahvenanmaa
AZ,Azerbaijan,أذربيجان,Aserbaidschan,Azerbaiyán,Azerbaïdjan,阿塞拜疆,Azerbaigian,Azerbeidzjan,アゼルバイジャン,Азербайджан,Азербайджан,아제르바이잔,Azerbaijão,Azerbaycan,Azerbejdżan,阿塞拜疆,Azerbaidžan
BA,Bosnia & Herzegovina,البوسنة والهرسك,Bosnien und Herzegowina,Bosnia y Herzegovina,Bosnie-Herzégovine,波斯尼亚和黑塞哥维那,Bosnia ed Erzegovina,Bosnië en Herzegovina,ボスニア・ヘルツェコビナ,Босния и Герцеговина,Боснія і Герцеговина,보스니아 헤르체고비나,Bósnia e Herzegovina,Bosna ve Hersek,Bośnia i Hercegowina,波斯尼亞和黑塞哥維那,Bosnia ja Hertsegovina
BB,Barbados,بربادوس,Barbados,Barbados,Barbade,巴巴多斯,Barbados,Barbados,バルバドス,Барбадос,Барбадос,바베이도스,Barbados,Barbados,Barbados,巴巴多斯,Barbados
BD,Bangladesh,بنجلاديش,Bangladesch,Bangladés,Bangladesh,孟加拉国,Bangladesh,Bangladesh,バングラデシュ,Бангладеш,Бангладеш,방글라데시,Bangladesh,Bangladeş,Bangladesz,孟加拉,Bangladesh
BE,Belgium,بلجيكا,Belgien,Bélgica,Belgique,比利时,Belgio,België,ベルギー,Бельгия,Бельгія,벨기에,Bélgica,Belçika,Belgia,比利時,Belgia
BF,Burkina Faso,بوركينا فاسو,Burkina Faso,Burkina Faso,Burkina Faso,布基纳法索,Burkina Faso,Burkina Faso,ブルキナファソ,Буркина-Фасо,Буркіна-Фасо,부르키나파소,Burquina Faso,Burkina Faso,Burkina Faso,伯基納法索,Burkina Faso
BG,Bulgaria,بلغاريا,Bulgarien,Bulgaria,Bulgarie,保加利亚,Bulgaria,Bulgarije,ブルガリア,Болгария,Болгарія,불가리아,Bulgária,Bulgaristan,Bułgaria,保加利亞,Bulgaria
BH,Bahrain,البحرين,Bahrain,Baréin,Bahreïn,巴林,Bahrein,Bahrein,バーレーン,Бахрейн,Бахрейн,바레인,Barém,Bahreyn,Bahrajn,巴林,Bahrain
BI,Burundi,بوروندي,Burundi,Burundi,Burundi,布隆迪,Burundi,Burundi,ブルンジ,Бурунди,Бурунді,부룬디,Burundi,Burundi,Burundi,布隆迪,Burundi
BJ,Benin,بنين,Benin,Benín,Bénin,贝宁,Benin,Benin,ベニン,Бенин,Бенін,베냉,Benim,Benin,Benin,貝寧,Benin
BL,St. Barthélemy,سان بارتليمي,Saint-Barthélemy,San Bartolomé,Saint-Barthélemy,圣巴泰勒米,Saint-Barthélemy,Saint-Barthélemy,サン・バルテルミー島,Сен-Бартелеми,Сен-Бартелемі,생바르텔레미,São Bartolomeu,St. Barthélemy,Saint-Barthélemy,聖巴泰勒米,Saint-Barthélemy
BM,Bermuda,برمودا,Bermuda,Bermudas,Bermudes,百慕大,Bermuda,Bermuda,バミューダ諸島,Бермудские острова,Бермудські острови,버뮤다,Bermudas,Bermuda,Bermudy,百慕達,Bermuda
BN,Brunei,بروناي,Brunei,Brunéi,Brunéi Darussalam,文莱,Brunei,Brunei,ブルネイ,Бруней,Бруней,브루나이,Brunei,Brunei,Brunei,汶萊,Brunei
BO,Bolivia,بوليفيا,Bolivien,Bolivia,Bolivie,玻利维亚,Bolivia,Bolivia,ボリビア,Боливия,Болівія,볼리비아,Bolívia,Bolivya,Boliwia,玻利維亞,Bolivia
BQ,Caribbean Netherlands,هولندا الكاريبية,Karibische Niederlande,Caribe Neerlandés,Pays-Bas caribéens,荷兰加勒比区,Paesi Bassi caraibici,Caribisch Nederland,カリブ海オランダ領,Карибские Нидерланды,Карибські Нідерланди,네덜란드령 카리브,Caraíbas Holandesas,Karayip Hollandası,Holandia Karaibska,荷蘭加勒比,Alankomaiden Karibia
BR,Brazil,البرازيل,Brasilien,Brasil,Brésil,巴西,Brasile,Brazilië,ブラジル,Бразилия,Бразилія,브라질,Brasil,Brezilya,Brazylia,巴西,Brasilia
BS,Bahamas,الباهاما,Bahamas,Bahamas,Bahamas,巴哈马,Bahamas,Bahama's,バハマ,Багамские острова,Багамські острови,바하마,Bahamas,Bahamalar,Bahamy,巴哈馬,Bahama
BT,Bhutan,بوتان,Bhutan,Bután,Bhoutan,不丹,Bhutan,Bhutan,ブータン,Бутан,Бутан,부탄,Butão,Butan,Bhutan,不丹,Bhutan
BV,Bouvet Island,جزيرة بوفيه,Bouvetinsel,Isla Bouvet,Île Bouvet,布韦岛,Isola Bouvet,Bouveteiland,ブーベ島,Остров Буве,Острів Буве,부베 섬,Ilha Bouvet,Bouvet Adası,Wyspa Bouveta,鮑威特島,Bouvet’nsaari
BW,Botswana,بتسوانا,Botsuana,Botsuana,Botswana,博茨瓦纳,Botswana,Botswana,ボツワナ,Ботсвана,Ботсвана,보츠와나,Botsuana,Botsvana,Botswana,博茨瓦納,Botswana
BY,Belarus,بيلاروس,Belarus,Bielorrusia,Biélorussie,白俄罗斯,Bielorussia,Wit-Rusland,ベラルーシ,Беларусь,Білорусь,벨라루스,Bielorrússia,Belarus,Białoruś,白俄羅斯,Valko-Venäjä
BZ,Belize,بليز,Belize,Belice,Bélize,伯利兹,Belize,Belize,ベリーズ,Белиз,Беліз,벨리즈,Belize,Belize,Belize,伯利茲,Belize
CA,Canada,كندا,Kanada,Canadá,Canada,加拿大,Canada,Canada,カナダ,Канада,Канада,캐나다,Canadá,Kanada,Kanada,加拿大,Kanada
CC,Cocos (Keeling) Islands,جزر كوكوس (كيلينج),Kokosinseln,Islas Cocos (Keeling),Îles Cocos,科科斯（基林）群岛,Isole Cocos (Keeling),Cocoseilanden,ココス(キーリング)諸島,Кокосовые острова (Килинг),Кокосові острови (Кілінг),코코스 (킬링) 제도,Ilhas Cocos (Keeling),Cocos (Keeling) Adaları,Wyspy Kokosowe (Keelinga),科科斯（基林）群島,Kookossaaret
CD,Congo - Kinshasa,الكونغو - كينشاسا,Kongo-Kinshasa,Congo - Kinsasa,Congo-Kinshasa,刚果（金）,Congo - Kinshasa,Congo - Kinshasa,コンゴ - キンシャサ,Конго — Киншаса,Конго – Кіншаса,콩고 - 킨샤사,"Congo, Kinshasa",Kongo-Kinshasa,Kongo-Kinszasa,剛果（金）,Kongo-Kinshasa
CF,Central African Republic,جمهورية أفريقيا الوسطى,Zentralafrikanische Republik,República Centroafricana,République centrafricaine,中非共和国,Repubblica Centrafricana,Centraal-Afrikaanse Republiek,中央アフリカ共和国,Центрально-Африканская Республика,Центральноафриканська Республіка,중앙아프리카 공화국,República Centro-Africana,Orta Afrika Cumhuriyeti,Republika Środkowoafrykańska,中非共和國,Keski-Afrikan tasavalta
CG,Congo - Brazzaville,الكونغو - برازافيل,Kongo-Brazzaville,Congo - Brazzaville,Congo-Brazzaville,刚果 - 布拉柴维尔,Congo - Brazzaville,Congo - Brazzaville,コンゴ・ブラザビル,Конго — Браззавиль,Конго – Браззавіль,콩고 - 브라자빌,Brazzaville - Congo,Kongo-Brazzaville,Kongo-Brazzaville,剛果（布）,Kongo-Brazzaville
CH,Switzerland,سويسرا,Schweiz,Suiza,Suisse,瑞士,Svizzera,Zwitserland,スイス,Швейцария,Швейцарія,스위스,Suíça,İsviçre,Szwajcaria,瑞士,Sveitsi
CI,Côte d’Ivoire,ساحل العاج,Elfenbeinküste,Costa de Marfil,Côte d’Ivoire,科特迪瓦,Costa d'Avorio,Ivoorkust,コートジボワール,Кот-д’Ивуар,Кот д'Івуар,코트디부아르,Costa do Marfim,Fildişi Sahili,Wybrzeże Kości Słoniowej,科特迪瓦,Norsunluurannikko
CK,Cook Islands,جزر كوك,Cookinseln,Islas Cook,Îles Cook,库克群岛,Isole Cook,Cookeilanden,クック諸島,Острова Кука,Острови Кука,쿡 제도,Ilhas Cook,Cook Adaları,Wyspy Cooka,庫克群島,Cookinsaaret
CL,Chile,شيلي,Chile,Chile,Chili,智利,Cile,Chili,チリ,Чили,Чилі,칠레,Chile,Şili,Chile,智利,Chile
CM,Cameroon,الكاميرون,Kamerun,Camerún,Cameroun,喀麦隆,Camerun,Kameroen,カメルーン,Камерун,Камерун,카메룬,Camarões,Kamerun,Kamerun,喀麥隆,Kamerun
CN,China,الصين,China,China,Chine,中国,Cina,China,中国,Китай,Китай,중국,China,Çin,Chiny,中國,Kiina
CO,Colombia,كولومبيا,Kolumbien,Colombia,Colombie,哥伦比亚,Colombia,Colombia,コロンビア,Колумбия,Колумбія,콜롬비아,Colômbia,Kolombiya,Kolumbia,哥倫比亞,Kolumbia
CP,Clipperton Island,جزيرة كليبيرتون,Clipperton-Insel,Isla Clipperton,Île de Clipperton,克利珀顿岛,Clipperton,Clipperton,クリッパートン島,Остров Клиппертон,Острів Кліппертон,클리퍼턴 섬,Ilha de Clipperton,Clipperton Adası,Wyspa Clippertona,克利珀頓群島,Clippertoninsaari
CR,Costa Rica,كوستاريكا,Costa Rica,Costa Rica,Costa Rica,哥斯达黎加,Costa Rica,Costa Rica,コスタリカ,Коста-Рика,Коста-Рика,코스타리카,Costa Rica,Kosta Rika,Kostaryka,哥斯達黎加,Costa Rica
CU,Cuba,كوبا,Kuba,Cuba,Cuba,古巴,Cuba,Cuba,キューバ,Куба,Куба,쿠바,Cuba,Küba,Kuba,古巴,Kuuba
CV,Cape Verde,الرأس الأخضر,Kap Verde,Cabo Verde,Cap-Vert,佛得角,Capo Verde,Kaapverdië,カーボベルデ,Кабо-Верде,Кабо Верде,카보베르데,Cabo Verde,Cabo Verde,Wyspy Zielonego Przylądka,佛得角,Kap Verde
CW,Curaçao,كوراساو,Curaçao,Curazao,Curaçao,库拉索,Curaçao,Curaçao,キュラソー,Кюрасао,Кюрасао,퀴라소,Curaçao,Curaçao,Curaçao,庫拉索島,Curaçao
CX,Christmas Island,جزيرة الكريسماس,Weihnachtsinsel,Isla Christmas,Île Christmas,圣诞岛,Isola di Natale,Christmaseiland,クリスマス島,Остров Рождества,Острів Різдва,크리스마스 섬,Ilha do Natal,Christmas Adası,Wyspa Bożego Narodzenia,聖誕島,Joulusaari
CY,Cyprus,قبرص,Zypern,Chipre,Chypre,塞浦路斯,Cipro,Cyprus,キプロス,Кипр,Кіпр,키프로스,Chipre,Kıbrıs Rum Kesimi,Cypr,賽普勒斯,Kypros
CZ,Czech Republic,جمهورية التشيك,Tschechien,República Checa,République tchèque,捷克共和国,Repubblica Ceca,Tsjechië,チェコ共和国,Чехия,Чеська Республіка,체코 공화국,República Checa,Çek Cumhuriyeti,Czechy,捷克,Tšekki
DE,Germany,ألمانيا,Deutschland,Alemania,Allemagne,德国,Germania,Duitsland,ドイツ,Германия,Німеччина,독일,Alemanha,Almanya,Niemcy,德國,Saksa
DG,Diego Garcia,دييغو غارسيا,Diego Garcia,Diego García,Diego Garcia,迪戈加西亚岛,Diego Garcia,Diego Garcia,ディエゴガルシア島,Диего-Гарсия,Діеґо-Ґарсія,디에고가르시아,Diego Garcia,Diego Garcia,Diego Garcia,迪戈加西亞,Diego Garcia
DJ,Djibouti,جيبوتي,Dschibuti,Yibuti,Djibouti,吉布提,Gibuti,Djibouti,ジブチ,Джибути,Джибуті,지부티,Djibuti,Cibuti,Dżibuti,吉布提,Djibouti
DK,Denmark,الدانمرك,Dänemark,Dinamarca,Danemark,丹麦,Danimarca,Denemarken,デンマーク,Дания,Данія,덴마크,Dinamarca,Danimarka,Dania,丹麥,Tanska
DM,Dominica,دومينيكا,Dominica,Dominica,Dominique,多米尼克,Dominica,Dominica,ドミニカ,Доминика,Домініка,도미니카,Dominica,Dominika,Dominika,多米尼加共和國,Dominica
DO,Dominican Republic,جمهورية الدومينيك,Dominikanische Republik,República Dominicana,République dominicaine,多米尼加共和国,Repubblica Dominicana,Dominicaanse Republiek,ドミニカ共和国,Доминиканская Респблика,Домініканська Республіка,도미니카 공화국,República Dominicana,Dominik Cumhuriyeti,Dominikana,多米尼加共和國,Dominikaaninen tasavalta
DZ,Algeria,الجزائر,Algerien,Argelia,Algérie,阿尔及利亚,Algeria,Algerije,アルジェリア,Алжир,Алжир,알제리,Argélia,Cezayir,Algieria,阿爾及利亞,Algeria
EA,Ceuta & Melilla,سيوتا وميليلا,Ceuta und Melilla,Ceuta y Melilla,Ceuta et Melilla,休达和梅利利亚,Ceuta e Melilla,Ceuta en Melilla,セウタ・メリリャ,Сеута и Мелилья,Сеута і Мелілья,세우타 및 멜리야,Ceuta e Melilla,Ceuta ve Melilla,Ceuta i Melilla,休達&梅利利亞,Ceuta ja Melilla
EC,Ecuador,الإكوادور,Ecuador,Ecuador,Équateur,厄瓜多尔,Ecuador,Ecuador,エクアドル,Эквадор,Еквадор,에콰도르,Equador,Ekvador,Ekwador,厄瓜多爾,Ecuador
EE,Estonia,أستونيا,Estland,Estonia,Estonie,爱沙尼亚,Estonia,Estland,エストニア,Эстония,Естонія,에스토니아,Estônia,Estonya,Estonia,愛沙尼亞,Viro
EG,Egypt,مصر,Ägypten,Egipto,Égypte,埃及,Egitto,Egypte,エジプト,Египет,Єгипет,이집트,Egito,Mısır,Egipt,埃及,Egypti
EH,Western Sahara,الصحراء الغربية,Westsahara,Sáhara Occidental,Sahara occidental,西撒哈拉,Sahara occidentale,Westelijke Sahara,西サハラ,Западная Сахара,Західна Сахара,서사하라,Saara Ocidental,Batı Sahra,Sahara Zachodnia,西撒哈拉,Länsi-Sahara
ER,Eritrea,أريتريا,Eritrea,Eritrea,Érythrée,厄立特里亚,Eritrea,Eritrea,エリトリア,Эритрея,Еритрея,에리트레아,Eritreia,Eritre,Erytrea,厄立特里亞,Eritrea
ES,Spain,إسبانيا,Spanien,España,Espagne,西班牙,Spagna,Spanje,スペイン,Испания,Іспанія,스페인,Espanha,İspanya,Hiszpania,西班牙,Espanja
ET,Ethiopia,إثيوبيا,Äthiopien,Etiopía,Éthiopie,埃塞俄比亚,Etiopia,Ethiopië,エチオピア,Эфиопия,Ефіопія,에티오피아,Etiópia,Etiyopya,Etiopia,埃塞俄比亞,Etiopia
EU,European Union,الاتحاد الأوروبي,Europäische Union,Unión Europea,Union européenne,欧盟,Unione Europea,Europese Unie,欧州連合,Европейский Союз,Європейський Союз,유럽연합,União Européia,Avrupa Birliği,Unia Europejska,歐盟,Euroopan unioni
FI,Finland,فنلندا,Finnland,Finlandia,Finlande,芬兰,Finlandia,Finland,フィンランド,Финляндия,Фінляндія,핀란드,Finlândia,Finlandiya,Finlandia,芬蘭,Suomi
FJ,Fiji,فيجي,Fidschi,Fiyi,Fidji,斐济,Figi,Fiji,フィジー,Фиджи,Фіджі,피지,Fiji,Fiji,Fidżi,斐濟,Fidži
FK,Falkland Islands,جزر فوكلاند,Falklandinseln,Islas Malvinas,Îles Falkland,福克兰群岛,Isole Falkland,Falklandeilanden,フォークランド諸島,Фолклендские острова,Фолклендські острови,포클랜드제도,Ilhas Falkland,Falkland Adaları,Falklandy,福克蘭群島,Falklandinsaaret
FM,Micronesia,ميكرونيزيا,Mikronesien,Micronesia,Micronésie,密克罗尼西亚,Micronesia,Micronesia,ミクロネシア,Микронезия,Мікронезія,미크로네시아,Micronésia,Mikronezya,Mikronezja,密克羅尼西亞聯邦,Mikronesia
FO,Faroe Islands,جزر فارو,Färöer-Inseln,Islas Feroe,Îles Féroé,法罗群岛,Isole Fær Øer,Faeröer,フェロー諸島,Фарерские острова,Фарерські острови,페로 제도,Ilhas Faroe,Faroe Adaları,Wyspy Owcze,法羅群島,Färsaaret
FR,France,فرنسا,Frankreich,Francia,France,法国,Francia,Frankrijk,フランス,Франция,Франція,프랑스,França,Fransa,Francja,法國,Ranska
GA,Gabon,الجابون,Gabun,Gabón,Gabon,加蓬,Gabon,Gabon,ガボン,Габон,Габон,가봉,Gabão,Gabon,Gabon,加蓬,Gabon
GB,United Kingdom,المملكة المتحدة,Großbritannien,Reino Unido,Royaume-Uni,英国,Regno Unito,Verenigd Koninkrijk,イギリス,Великобритания,Велика Британія,영국,Reino Unido,İngiltere,Wielka Brytania,英國,Yhdistynyt kuningaskunta
GD,Grenada,غرينادا,Grenada,Granada,Grenade,格林纳达,Grenada,Grenada,グレナダ,Гренада,Гренада,그레나다,Granada,Grenada,Grenada,格拉納達,Grenada
GE,Georgia,جورجيا,Georgien,Georgia,Géorgie,格鲁吉亚,Georgia,Georgië,ジョージア,Грузия,Грузія,조지아,Geórgia,Gürcistan,Gruzja,喬治亞,Georgia
GF,French Guiana,غويانا الفرنسية,Französisch-Guayana,Guayana Francesa,Guyane française,法属圭亚那,Guyana francese,Frans-Guyana,フランス領ギアナ,Французская Гвиана,Французька Гвіана,프랑스령 기아나,Guiana Francesa,Fransız Guyanası,Gujana Francuska,法屬圭亞那,Ranskan Guayana
GG,Guernsey,غيرنزي,Guernsey,Guernsey,Guernesey,根西岛,Guernsey,Guernsey,ガーンジー,Остров Гернси,Острів Гернсі,건지,Guernsey,Guernsey,Guernsey,格恩西島,Guernsey
GH,Ghana,غانا,Ghana,Ghana,Ghana,加纳,Ghana,Ghana,ガーナ,Гана,Гана,가나,Gana,Gana,Ghana,加納,Ghana
GI,Gibraltar,جبل طارق,Gibraltar,Gibraltar,Gibraltar,直布罗陀,Gibilterra,Gibraltar,ジブラルタル,Гибралтар,Гібралтар,지브롤터,Gibraltar,Cebelitarık,Gibraltar,直布羅陀,Gibraltar
GL,Greenland,غرينلاند,Grönland,Groenlandia,Groenland,格陵兰,Groenlandia,Groenland,グリーンランド,Гренландия,Гренландія,그린란드,Gronelândia,Grönland,Grenlandia,格陵蘭島,Grönlanti
GM,Gambia,غامبيا,Gambia,Gambia,Gambie,冈比亚,Gambia,Gambia,ガンビア,Гамбия,Гамбія,감비아,Gâmbia,Gambiya,Gambia,岡比亞,Gambia
GN,Guinea,غينيا,Guinea,Guinea,Guinée,几内亚,Guinea,Guinea,ギニア,Гвинея,Гвінея,기니,Guiné,Gine,Gwinea,幾內亞,Guinea
GP,Guadeloupe,جوادلوب,Guadeloupe,Guadalupe,Guadeloupe,瓜德罗普,Guadalupa,Guadeloupe,グアドループ,Гваделупа,Гваделупа,과들루프,Guadalupe,Guadeloupe,Gwadelupa,瓜德羅普,Guadeloupe
GQ,Equatorial Guinea,غينيا الاستوائية,Äquatorialguinea,Guinea Ecuatorial,Guinée équatoriale,赤道几内亚,Guinea Equatoriale,Equatoriaal-Guinea,赤道ギニア,Экваториальная Гвинея,Екваторіальна Гвінея,적도 기니,Guiné Equatorial,Ekvator Ginesi,Gwinea Równikowa,赤道幾內亞,Päiväntasaajan Guinea
GR,Greece,اليونان,Griechenland,Grecia,Grèce,希腊,Grecia,Griekenland,ギリシャ,Греция,Греція,그리스,Grécia,Yunanistan,Grecja,希臘,Kreikka
GS,South Georgia & South Sandwich Islands,جورجيا الجنوبية وجزر ساندويتش الجنوبية,Südgeorgien und die Südlichen Sandwichinseln,Islas Georgias del Sur y Sándwich del Sur,Îles Géorgie du Sud et Sandwich du Sud,南乔治亚岛和南桑威奇群岛,Georgia del Sud e Isole Sandwich Australi,Zuid-Georgia en de Zuidelijke Sandwicheilanden,サウスジョージア・サウスサンドウィッチ諸島,Южная Георгия и Южные Сандвичевы острова,Південна Джорджія та Південні Сандвічеві Острови,사우스조지아 사우스샌드위치 제도,Ilhas Geórgia do Sul e Sandwich do Sul,Güney Georgia ve Güney Sandwich Adaları,Wyspy Georgia Południowa i Sandwich Południowy,南佐治亞島&南桑奇威群島,Etelä-Georgia ja Eteläiset Sandwichinsaaret
GT,Guatemala,غواتيمالا,Guatemala,Guatemala,Guatémala,危地马拉,Guatemala,Guatemala,グアテマラ,Гватемала,Гватемала,과테말라,Guatemala,Guatemala,Gwatemala,瓜地馬拉,Guatemala
GU,Guam,غوام,Guam,Guam,Guam,关岛,Guam,Guam,グアム,Гуам,Гуам,괌,Guam,Guam,Guam,關島,Guam
GW,Guinea-Bissau,غينيا بيساو,Guinea-Bissau,Guinea-Bisáu,Guinée-Bissau,几内亚比绍,Guinea-Bissau,Guinee-Bissau,ギニアビサウ,Гвинея-Бисау,Гвінея-Бісау,기니비사우,Guiné-Bissau,Gine-Bissau,Gwinea Bissau,幾內亞比紹,Guinea-Bissau
GY,Guyana,غيانا,Guyana,Guyana,Guyane,圭亚那,Guyana,Guyana,ガイアナ,Гайана,Гаяна,가이아나,Guiana,Guyana,Gujana,圭亞那,Guyana
HK,Hong Kong,هونغ كونغ,Hongkong,Hong Kong,Hong Kong,香港,Hong Kong,Hongkong,香港,Гонконг,Гонконг,홍콩,Hong Kong,Hong Kong,Hongkong,香港,Hongkong
HM,Heard & McDonald Islands,جزيرة هيرد وجزر ماكدونالد,Heard und McDonald-Inseln,Islas Heard y McDonald,Îles Heard et McDonald,赫德和麦克唐纳群岛,Isole Heard e McDonald,Heard en McDonaldeilanden,ハード・マクドナルド諸島,Остров Херд и острова Макдональд,Острів Герд і острови Макдональд,허드 맥도널드 제도,Ilhas Heard e McDonald,Heard ve McDonald Adaları,Wyspy Heard i McDonalda,赫德島&麥克唐納島,Heard ja McDonaldinsaaret
HN,Honduras,هندوراس,Honduras,Honduras,Honduras,洪都拉斯,Honduras,Honduras,ホンジュラス,Гондурас,Гондурас,온두라스,Honduras,Honduras,Honduras,洪都拉斯,Honduras
HR,Croatia,كرواتيا,Kroatien,Croacia,Croatie,克罗地亚,Croazia,Kroatië,クロアチア,Хорватия,Хорватія,크로아티아,Croácia,Hırvatistan,Chorwacja,克羅地亞,Kroatia
HT,Haiti,هايتي,Haiti,Haití,Haïti,海地,Haiti,Haïti,ハイチ,Гаити,Гаїті,아이티,Haiti,Haiti,Haiti,海地,Haiti
HU,Hungary,هنغاريا,Ungarn,Hungría,Hongrie,匈牙利,Ungheria,Hongarije,ハンガリー,Венгрия,Угорщина,헝가리,Hungria,Macaristan,Węgry,匈牙利,Unkari
IC,Canary Islands,جزر الكناري,Kanarische Inseln,Islas Canarias,Îles Canaries,加纳利群岛,Isole Canarie,Canarische Eilanden,カナリア諸島,Канарские острова,Канарські острови,카나리아 제도,Ilhas Canárias,Kanarya Adaları,Wyspy Kanaryjskie,加那利群島,Kanariansaaret
ID,Indonesia,إندونيسيا,Indonesien,Indonesia,Indonésie,印度尼西亚,Indonesia,Indonesië,インドネシア,Индонезия,Індонезія,인도네시아,Indonésia,Endonezya,Indonezja,印尼,Indonesia
IE,Ireland,أيرلندا,Irland,Irlanda,Irlande,爱尔兰,Irlanda,Ierland,アイルランド,Ирландия,Ірландія,아일랜드,Irlanda,İrlanda,Irlandia,愛爾蘭,Irlanti
IL,Israel,إسرائيل,Israel,Israel,Israël,以色列,Israele,Israël,イスラエル,Израиль,Ізраїль,이스라엘,Israel,İsrail,Izrael,以色列,Israel
IM,Isle of Man,جزيرة مان,Insel Man,Isla de Man,Île de Man,马恩岛,Isola di Man,Isle of Man,マン島,Остров Мэн,Острів Мен,맨 섬,Ilha de Man,Man Adası,Wyspa Man,曼島,Mansaari
IN,India,الهند,Indien,India,Inde,印度,India,India,インド,Индия,Індія,인도,Índia,Hindistan,Indie,印度,Intia
IO,British Indian Ocean Territory,الإقليم البريطاني في المحيط الهندي,Britisches Territorium im Indischen Ozean,Territorio Británico del Océano Índico,Territoire britannique de l’océan Indien,英属印度洋领地,Territorio britannico dell'Oceano Indiano,Brits Indische Oceaanterritorium,英領インド洋地域,Британская территория в Индийском океане,Британська територія в Індійському океані,영국령 인도양 지역,Território Britânico do Oceano Índico,İngiliz Hint Okyanus Bölgesi,Brytyjskie Terytorium Oceanu Indyjskiego,英屬印度洋領地,Brittiläinen Intian valtameren alue
IQ,Iraq,العراق,Irak,Irak,Irak,伊拉克,Iraq,Irak,イラク,Ирак,Ірак,이라크,Iraque,Irak,Irak,伊拉克,Irak
IR,Iran,إيران,Iran,Irán,Iran,伊朗,Iran,Iran,イラン,Иран,Іран,이란,Irã,İran,Iran,伊朗,Iran
IS,Iceland,أيسلندا,Island,Islandia,Islande,冰岛,Islanda,IJsland,アイスランド,Исландия,Ісландія,아이슬란드,Islândia,İzlanda,Islandia,冰島,Islanti
IT,Italy,إيطاليا,Italien,Italia,Italie,意大利,Italia,Italië,イタリア,Италия,Італія,이탈리아,Itália,İtalya,Włochy,意大利,Italia
JE,Jersey,جيرسي,Jersey,Jersey,Jersey,泽西岛,Jersey,Jersey,ジャージー,Джерси,Джерсі,저지,Jersey,Jersey,Jersey,澤西,Jersey
JM,Jamaica,جامايكا,Jamaika,Jamaica,Jamaïque,牙买加,Giamaica,Jamaica,ジャマイカ,Ямайка,Ямайка,자메이카,Jamaica,Jamaika,Jamajka,牙買加,Jamaika
JO,Jordan,الأردن,Jordanien,Jordania,Jordanie,约旦,Giordania,Jordanië,ヨルダン,Иордания,Йорданія,요르단,Jordânia,Ürdün,Jordania,約旦,Jordania
JP,Japan,اليابان,Japan,Japón,Japon,日本,Giappone,Japan,日本,Япония,Японія,일본,Japão,Japonya,Japonia,日本,Japani
KE,Kenya,كينيا,Kenia,Kenia,Kenya,肯尼亚,Kenia,Kenia,ケニア,Кения,Кенія,케냐,Quênia,Kenya,Kenia,肯尼亞,Kenia
KG,Kyrgyzstan,قرغيزستان,Kirgisistan,Kirguistán,Kirghizistan,吉尔吉斯斯坦,Kirghizistan,Kirgizië,キルギスタン,Киргизия,Киргизстан,키르기스스탄,Quirguistão,Kırgızistan,Kirgistan,吉爾吉斯斯坦,Kirgisia
KH,Cambodia,كمبوديا,Kambodscha,Camboya,Cambodge,柬埔寨,Cambogia,Cambodja,カンボジア,Камбоджа,Камбоджа,캄보디아,Camboja,Kamboçya,Kambodża,柬埔寨,Kambodža
KI,Kiribati,كيريباتي,Kiribati,Kiribati,Kiribati,基里巴斯,Kiribati,Kiribati,キリバス,Кирибати,Кірибаті,키리바시,Kiribati,Kiribati,Kiribati,基里巴斯,Kiribati
KM,Comoros,جزر القمر,Komoren,Comoras,Comores,科摩罗,Comore,Comoren,コモロ,Коморские острова,Коморські острови,코모로,Comores,Komorolar,Komory,科摩羅,Komorit
KN,St. Kitts & Nevis,سانت كيتس ونيفيس,St. Kitts und Nevis,San Cristóbal y Nieves,Saint-Christophe-et-Niévès,圣基茨和尼维斯,Saint Kitts e Nevis,Saint Kitts en Nevis,セントクリストファー・ネイビス,Сент-Китс и Невис,Сент-Кіттс і Невіс,세인트키츠 네비스,São Cristóvão e Nevis,St. Kitts ve Nevis,Saint Kitts i Nevis,聖基茨&尼維斯,Saint Kitts ja Nevis
KP,North Korea,كوريا الشمالية,Nordkorea,Corea del Norte,Corée du Nord,朝鲜,Corea del Nord,Noord-Korea,北朝鮮,Северная Корея,Північна Корея,북한,Coreia do Norte,Kuzey Kore,Korea Północna,朝鮮,Pohjois-Korea
KR,South Korea,كوريا الجنوبية,Südkorea,Corea del Sur,Corée du Sud,韩国,Corea del Sud,Zuid-Korea,韓国,Южная Корея,Південна Корея,대한민국,Coreia do Sul,Güney Kore,Korea Południowa,韓國,Etelä-Korea
KW,Kuwait,الكويت,Kuwait,Kuwait,Koweït,科威特,Kuwait,Koeweit,クウェート,Кувейт,Кувейт,쿠웨이트,Kuwait,Kuveyt,Kuwejt,科威特,Kuwait
KY,Cayman Islands,جزر الكايمن,Kaimaninseln,Islas Caimán,Îles Caïmans,开曼群岛,Isole Cayman,Kaaimaneilanden,ケイマン諸島,Каймановы острова,Кайманові острови,케이맨 제도,Ilhas Cayman,Cayman Adaları,Kajmany,開曼群島,Caymansaaret
KZ,Kazakhstan,كازاخستان,Kasachstan,Kazajistán,Kazakhstan,哈萨克斯坦,Kazakistan,Kazachstan,カザフスタン,Казахстан,Казахстан,카자흐스탄,Cazaquistão,Kazakistan,Kazachstan,哈薩克斯坦,Kazakstan
LA,Laos,لاوس,Laos,Laos,Laos,老挝,Laos,Laos,ラオス,Лаос,Лаос,라오스,Laos,Laos,Laos,老撾,Laos
LB,Lebanon,لبنان,Libanon,Líbano,Liban,黎巴嫩,Libano,Libanon,レバノン,Ливан,Ліван,레바논,Líbano,Lübnan,Liban,黎巴嫩,Libanon
LC,St. Lucia,سانت لوسيا,St. Lucia,Santa Lucía,Sainte-Lucie,圣卢西亚,Saint Lucia,St. Lucia,セントルシア,Сент-Люсия,Сент-Люсія,세인트루시아 ,Santa Lúcia,St. Lucia,Saint Lucia,聖盧西亞,Saint Lucia
LI,Liechtenstein,ليختنشتاين,Liechtenstein,Liechtenstein,Liechtenstein,列支敦士登,Liechtenstein,Liechtenstein,リヒテンシュタイン,Лихтенштейн,Ліхтенштейн,리히텐슈타인,Liechtenstein,Lihtenştayn,Liechtenstein,列支敦士登,Liechtenstein
LK,Sri Lanka,سريلانكا,Sri Lanka,Sri Lanka,Sri Lanka,斯里兰卡,Sri Lanka,Sri Lanka,スリランカ,Шри-Ланка,Шрі-Ланка,스리랑카,Sri Lanka,Sri Lanka,Sri Lanka,斯里蘭卡,Sri Lanka
LR,Liberia,ليبيريا,Liberia,Liberia,Libéria,利比里亚,Liberia,Liberia,リベリア,Либерия,Ліберія,라이베리아,Libéria,Liberya,Liberia,利韋利亞,Liberia
LS,Lesotho,ليسوتو,Lesotho,Lesoto,Lesotho,莱索托,Lesoto,Lesotho,レソト,Лесото,Лесото,레소토,Lesoto,Lesotho,Lesotho,萊索托,Lesotho
LT,Lithuania,ليتوانيا,Litauen,Lituania,Lituanie,立陶宛,Lituania,Litouwen,リトアニア,Литва,Литва,리투아니아,Lituânia,Litvanya,Litwa,立陶宛,Liettua
LU,Luxembourg,لوكسمبورغ,Luxemburg,Luxemburgo,Luxembourg,卢森堡,Lussemburgo,Luxemburg,ルクセンブルク,Люксембург,Люксембург,룩셈부르크,Luxemburgo,Lüksemburg,Luksemburg,盧森堡,Luxemburg
LV,Latvia,لاتفيا,Lettland,Letonia,Lettonie,拉脱维亚,Lettonia,Letland,ラトビア,Латвия,Латвія,라트비아,Letônia,Letonya,Łotwa,拉脫維亞,Latvia
LY,Libya,ليبيا,Libyen,Libia,Libye,利比亚,Libia,Libië,リビア,Ливия,Лівія,리비아,Líbia,Libya,Libia,利比亞,Libya
MA,Morocco,المغرب,Marokko,Marruecos,Maroc,摩洛哥,Marocco,Marokko,モロッコ,Марокко,Марокко,모로코,Marrocos,Fas,Maroko,摩洛哥,Marokko
MC,Monaco,موناكو,Monaco,Mónaco,Monaco,摩纳哥,Monaco,Monaco,モナコ,Монако,Монако,모나코,Mônaco,Monako,Monako,摩納哥,Monaco
MD,Moldova,مولدافيا,Moldau,Moldavia,Moldavie,摩尔多瓦,Moldavia,Moldavië,モルドバ,Молдова,Молдова,몰도바,Moldávia,Moldova,Mołdawia,莫爾達瓦,Moldova
ME,Montenegro,الجبل الأسود,Montenegro,Montenegro,Monténégro,黑山共和国,Montenegro,Montenegro,モンテネグロ,Черногория,Чорногорія,몬테네그로,Montenegro,Karadağ,Czarnogóra,黑山,Montenegro
MF,St. Martin,سانت مارتن,St. Martin,San Martín,Saint-Martin,圣马丁岛,San Martino,Sint-Maarten,セント・マーチン島,Синт-Мартен,Сен-Мартен,세인트마틴,São Martinho,St. Martin,Saint Martin,聖馬丁,Saint-Martin
MG,Madagascar,مدغشقر,Madagaskar,Madagascar,Madagascar,马达加斯加,Madagascar,Madagaskar,マダガスカル,Мадагаскар,Мадагаскар,마다가스카르,Madagáscar,Madagaskar,Madagaskar,馬達加斯加,Madagaskar
MH,Marshall Islands,جزر المارشال,Marshallinseln,Islas Marshall,Îles Marshall,马绍尔群岛,Isole Marshall,Marshalleilanden,マーシャル諸島,Маршалловы острова,Маршаллові острови,마셜 제도,Ilhas Marshall,Marshall Adaları,Wyspy Marshalla,馬紹爾群島,Marshallinsaaret
MK,North Macedonia,شمال مقدونيا,Nordmazedonien,Macedonia del Norte,Macédoine du Nord,北马其顿,Macedonia del Nord,Noord-Macedonië,北マケドニア,Северная Македония,Північна Македонія,북마케도니아,Macedônia do Norte,Kuzey Makedonya,Macedonia Północna,前南斯拉夫的馬其頓共和國,Pohjois-Makedonia
ML,Mali,مالي,Mali,Malí,Mali,马里,Mali,Mali,マリ,Мали,Малі,말리,Mali,Mali,Mali,馬里,Mali
MM,Myanmar (Burma),ميانمار -بورما,Myanmar (Birma),Myanmar (Birmania),Myanmar (Birmanie),缅甸,Myanmar (Birmania),Myanmar (Birma),ミャンマー（ビルマ）,Мьянма (Бирма),М'янма (Бірма),미얀마 (버마),Myanmar (Birmânia),Myanmar (Burma),Myanmar (Birma),緬甸,Myanmar (Burma)
MN,Mongolia,منغوليا,Mongolei,Mongolia,Mongolie,蒙古,Mongolia,Mongolië,モンゴル,Монголия,Монголія,몽골,Mongólia,Moğolistan,Mongolia,蒙古,Mongolia
MO,Macau SAR China,مكاو الصينية (منطقة إدارية خاصة),Sonderverwaltungszone Macau,RAE de Macao (China),R.A.S. chinoise de Macao,中国澳门特别行政区,Macao,Macau SAR China,マカオ,Макао ОАР Китай,Макао ОАР Китай,"마카오, 중국 특별행정구",Região Administrativa Especial de Macau China,Makao SAR Çin,Macau SAR Chiny,澳門特別行政區，中國,Macao
MP,Northern Mariana Islands,جزر ماريانا الشمالية,Nördliche Marianen,Islas Marianas del Norte,Îles Mariannes du Nord,北马里亚纳群岛,Isole Marianne Settentrionali,Noordelijke Marianen,北マリアナ諸島,Северные Марианские острова,Північні Маріанські острови,북마리아나 제도,Ilhas Marianas do Norte,Kuzey Mariana Adaları,Mariany Północne,北馬里亞納群島,Pohjois-Mariaanit
MQ,Martinique,مارتينيك,Martinique,Martinica,Martinique,马提尼克,Martinica,Martinique,マルティニーク,Мартиника,Мартиніка,마르티니크,Martinica,Martinik,Martynika,馬提尼克,Martinique
MR,Mauritania,موريتانيا,Mauretanien,Mauritania,Mauritanie,毛里塔尼亚,Mauritania,Mauritanië,モーリタニア,Мавритания,Мавританія,모리타니아,Mauritânia,Moritanya,Mauretania,毛里塔尼亞,Mauritania
MS,Montserrat,مونتسرات,Montserrat,Montserrat,Montserrat,蒙特塞拉特,Montserrat,Montserrat,モントセラト,Монтсеррат,Монтсеррат,몬세라트,Montserrat,Montserrat,Montserrat,蒙特塞拉島,Montserrat
MT,Malta,مالطا,Malta,Malta,Malte,马耳他,Malta,Malta,マルタ,Мальта,Мальта,몰타,Malta,Malta,Malta,馬耳他,Malta
MU,Mauritius,موريشيوس,Mauritius,Mauricio,Maurice,毛里求斯,Mauritius,Mauritius,モーリシャス,Маврикий,Маврикій,모리셔스,Ilhas Maurício,Morityus,Wyspa Mauritius,毛里求斯,Mauritius
MV,Maldives,جزر المالديف,Malediven,Maldivas,Maldives,马尔代夫,Maldive,Malediven,モルディブ,Мальдивы,Мальдіви,몰디브,Maldivas,Maldivler,Malediwy,馬爾代夫,Malediivit
MW,Malawi,ملاوي,Malawi,Malaui,Malawi,马拉维,Malawi,Malawi,マラウイ,Малави,Малаві,말라위,Malaui,Malavi,Malawi,馬拉維,Malawi
MX,Mexico,المكسيك,Mexiko,México,Mexique,墨西哥,Messico,Mexico,メキシコ,Мексика,Мексика,멕시코,México,Meksika,Meksyk,墨西哥,Meksiko
MY,Malaysia,ماليزيا,Malaysia,Malasia,Malaisie,马来西亚,Malesia,Maleisië,マレーシア,Малайзия,Малайзія,말레이시아,Malásia,Malezya,Malezja,馬來西亞,Malesia
MZ,Mozambique,موزمبيق,Mosambik,Mozambique,Mozambique,莫桑比克,Mozambico,Mozambique,モザンビーク,Мозамбик,Мозамбік,모잠비크,Moçambique,Mozambik,Mozambik,莫桑比克,Mosambik
NA,Namibia,ناميبيا,Namibia,Namibia,Namibie,纳米比亚,Namibia,Namibië,ナミビア,Намибия,Намібія,나미비아,Namíbia,Namibya,Namibia,納米比亞,Namibia
NC,New Caledonia,كاليدونيا الجديدة,Neukaledonien,Nueva Caledonia,Nouvelle-Calédonie,新喀里多尼亚,Nuova Caledonia,Nieuw-Caledonië,ニューカレドニア,Новая Каледония,Нова Каледонія,뉴칼레도니아,Nova Caledônia,Yeni Kaledonya,Nowa Kaledonia,新喀里多尼亞,Uusi-Kaledonia
NE,Niger,النيجر,Niger,Níger,Niger,尼日尔,Niger,Niger,ニジェール,Нигер,Нігер,니제르,Níger,Nijer,Niger,尼日爾,Niger
NF,Norfolk Island,جزيرة نورفوك,Norfolkinsel,Isla Norfolk,Île Norfolk,诺福克岛,Isola Norfolk,Norfolk,ノーフォーク島,Остров Норфолк,Острів Норфолк,노퍽 섬,Ilha Norfolk,Norfolk Adası,Wyspa Norfolk,諾福克島,Norfolkinsaari
NG,Nigeria,نيجيريا,Nigeria,Nigeria,Nigéria,尼日利亚,Nigeria,Nigeria,ナイジェリア,Нигерия,Нігерія,나이지리아,Nigéria,Nijerya,Nigeria,尼日利亞,Nigeria
NI,Nicaragua,نيكاراغوا,Nicaragua,Nicaragua,Nicaragua,尼加拉瓜,Nicaragua,Nicaragua,ニカラグア,Никарагуа,Нікарагуа,니카라과,Nicarágua,Nikaragua,Nikaragua,尼加拉瓜,Nicaragua
NL,Netherlands,هولندا,Niederlande,Países Bajos,Pays-Bas,荷兰,Paesi Bassi,Nederland,オランダ,Нидерланды,Нідерланди,네덜란드,Países Baixos,Hollanda,Holandia,荷蘭,Alankomaat
NO,Norway,النرويج,Norwegen,Noruega,Norvège,挪威,Norvegia,Noorwegen,ノルウェー,Норвегия,Норвегія,노르웨이,Noruega,Norveç,Norwegia,挪威,Norja
NP,Nepal,نيبال,Nepal,Nepal,Népal,尼泊尔,Nepal,Nepal,ネパール,Непал,Непал,네팔,Nepal,Nepal,Nepal,尼泊爾,Nepal
NR,Nauru,ناورو,Nauru,Nauru,Nauru,瑙鲁,Nauru,Nauru,ナウル,Науру,Науру,나우루,Nauru,Nauru,Nauru,瑙魯,Nauru
NU,Niue,نيوي,Niue,Niue,Niue,纽埃,Niue,Niue,ニウエ,Ниуэ,Ніуе,니우에,Niue,Niue,Niue,紐埃,Niue
NZ,New Zealand,نيوزيلاندا,Neuseeland,Nueva Zelanda,Nouvelle-Zélande,新西兰,Nuova Zelanda,Nieuw-Zeeland,ニュージーランド,Новая Зеландия,Нова Зеландія,뉴질랜드,Nova Zelândia,Yeni Zelanda,Nowa Zelandia,新西蘭,Uusi-Seelanti
OM,Oman,عُمان,Oman,Omán,Oman,阿曼,Oman,Oman,オマーン,Оман,Оман,오만,Omã,Umman,Oman,阿曼,Oman
PA,Panama,بنما,Panama,Panamá,Panama,巴拿马,Panama,Panama,パナマ,Панама,Панама,파나마,Panamá,Panama,Panama,巴拿馬,Panama
PE,Peru,بيرو,Peru,Perú,Pérou,秘鲁,Perù,Peru,ペルー,Перу,Перу,페루,Peru,Peru,Peru,秘魯,Peru
PF,French Polynesia,بولينيزيا الفرنسية,Französisch-Polynesien,Polinesia Francesa,Polynésie française,法属波利尼西亚,Polinesia francese,Frans-Polynesië,フランス領ポリネシア,Французская Полинезия,Французька Полінезія,프랑스령 폴리네시아,Polinésia Francesa,Fransız Polinezyası,Polinezja Francuska,法屬波利尼西亞,Ranskan Polynesia
PG,Papua New Guinea,بابوا غينيا الجديدة,Papua-Neuguinea,Papúa Nueva Guinea,Papouasie-Nouvelle-Guinée,巴布亚新几内亚,Papua Nuova Guinea,Papoea-Nieuw-Guinea,パプアニューギニア,Папуа — Новая Гвинея,Папуа Нова Гвінея,파푸아뉴기니,Papua Nova Guiné,Papua Yeni Gine,Papua-Nowa Gwinea,巴布亞新磯內亞,Papua-Uusi-Guinea
PH,Philippines,الفلبين,Philippinen,Filipinas,Philippines,菲律宾,Filippine,Filipijnen,フィリピン,Филиппины,Філіппіни,필리핀,Filipinas,Filipinler,Filipiny,菲律賓,Filippiinit
PK,Pakistan,باكستان,Pakistan,Pakistán,Pakistan,巴基斯坦,Pakistan,Pakistan,パキスタン,Пакистан,Пакистан,파키스탄,Paquistão,Pakistan,Pakistan,巴基斯坦,Pakistan
PL,Poland,بولندا,Polen,Polonia,Pologne,波兰,Polonia,Polen,ポーランド,Польша,Польща,폴란드,Polônia,Polonya,Polska,波蘭,Puola
PM,St. Pierre & Miquelon,سانت بيير وميكولون,Saint-Pierre und Miquelon,San Pedro y Miquelón,Saint-Pierre-et-Miquelon,圣皮埃尔和密克隆群岛,Saint-Pierre e Miquelon,Saint-Pierre en Miquelon,サンピエール島・ミクロン島,Сен-Пьер и Микелон,Сен-П'єр і Мікелон,생피에르 미클롱,São Pedro e Miquelon,St. Pierre ve Miquelon,Saint-Pierre i Miquelon,聖皮埃爾&米克隆,Saint-Pierre ja Miquelon
PN,Pitcairn Islands,جزر بيتكيرن,Pitcairninseln,Islas Pitcairn,Îles Pitcairn,皮特凯恩群岛,Isole di Pitcairn,Pitcairneilanden,ピトケアン諸島,Острова Питкэрн,Острови Піткерн,핏케언 제도,Ilhas Pitcairn,Pitcairn Adaları,Wyspy Pitcairn,皮特凱恩群島,Pitcairnsaaret
PR,Puerto Rico,بورتوريكو,Puerto Rico,Puerto Rico,Porto Rico,波多黎各,Portorico,Puerto Rico,プエルトリコ,Пуэрто-Рико,Пуерто-Рико,푸에르토리코,Porto Rico,Porto Riko,Portoryko,波多黎各,Puerto Rico
PS,Palestinian Territories,الأراضي الفلسطينية,Palästinensische Gebiete,Territorios Palestinos,Territoires palestiniens,巴勒斯坦领土,Territori palestinesi,Palestijnse gebieden,パレスチナ自治区,Палестинские территории,Палестинські території,팔레스타인 영토,Territórios Palestinos,Filistin Toprakları,Terytoria Palestyńskie,巴勒斯坦領土,Palestiinalaisalue
PT,Portugal,البرتغال,Portugal,Portugal,Portugal,葡萄牙,Portogallo,Portugal,ポルトガル,Португалия,Португалія,포르투갈,Portugal,Portekiz,Portugalia,葡萄牙,Portugali
PW,Palau,بالاو,Palau,Palaos,Palaos,帕劳,Palau,Palau,パラオ,Палау,Палау,팔라우,Palau,Palau,Palau,帕勞,Palau
PY,Paraguay,باراغواي,Paraguay,Paraguay,Paraguay,巴拉圭,Paraguay,Paraguay,パラグアイ,Парагвай,Парагвай,파라과이,Paraguai,Paraguay,Paragwaj,巴拉圭,Paraguay
QA,Qatar,قطر,Katar,Catar,Qatar,卡塔尔,Qatar,Qatar,カタール,Катар,Катар,카타르,Catar,Katar,Katar,卡塔爾,Qatar
QO,Outlying Oceania,أوقيانوسيا النائية,Äußeres Ozeanien,Territorios alejados de Oceanía,Régions éloignées de l’Océanie,大洋洲边远群岛,Oceania lontana,Afgelegen Oceanië,周辺オセアニア,Внешняя Океания,Зовнішня Океанія,오세아니아 외곽,Oceania periférica,Okyanusya,Dalekie Wyspy Mniejsze Stanów Zjednoczonych,偏遠大洋洲,Oseania
RE,Réunion,روينيون,Réunion,Reunión,La Réunion,留尼汪,Riunione,Réunion,レユニオン,Реюньон,Реюньйон,레위니옹,Reunião,Réunion,Reunion,留尼汪,Réunion
RO,Romania,رومانيا,Rumänien,Rumanía,Roumanie,罗马尼亚,Romania,Roemenië,ルーマニア,Румыния,Румунія,루마니아,Romênia,Romanya,Rumunia,羅馬尼亞,Romania
RS,Serbia,صربيا,Serbien,Serbia,Serbie,塞尔维亚,Serbia,Servië,セルビア,Сербия,Сербія,세르비아,Sérvia,Sırbistan,Serbia,塞爾維亞,Serbia
RU,Russia,روسيا,Russland,Rusia,Russie,俄罗斯,Russia,Rusland,ロシア,Россия,Росія,러시아,Rússia,Rusya,Rosja,俄羅斯,Venäjä
RW,Rwanda,رواندا,Ruanda,Ruanda,Rwanda,卢旺达,Ruanda,Rwanda,ルワンダ,Руанда,Руанда,르완다,Ruanda,Ruanda,Rwanda,盧旺達,Ruanda
SA,Saudi Arabia,المملكة العربية السعودية,Saudi-Arabien,Arabia Saudí,Arabie saoudite,沙特阿拉伯,Arabia Saudita,Saoedi-Arabië,サウジアラビア,Саудовская Аравия,Саудівська Аравія,사우디아라비아,Arábia Saudita,Suudi Arabistan,Arabia Saudyjska,沙特阿拉伯,Saudi-Arabia
SB,Solomon Islands,جزر سليمان,Salomonen,Islas Salomón,Îles Salomon,所罗门群岛,Isole Salomone,Salomonseilanden,ソロモン諸島,Соломоновы острова,Соломонові острови,솔로몬 제도,Ilhas Salomão,Solomon Adaları,Wyspy Salomona,所羅門群島,Salomoninsaaret
SC,Seychelles,سيشل,Seychellen,Seychelles,Seychelles,塞舌尔,Seychelles,Seychellen,セイシェル,Сейшельские острова,Сейшельські острови,세이셸,Seicheles,Seyşeller,Seszele,塞舌爾,Seychellit
SD,Sudan,السودان,Sudan,Sudán,Soudan,苏丹,Sudan,Soedan,スーダン,Судан,Судан,수단,Sudão,Sudan,Sudan,蘇丹,Sudan
SE,Sweden,السويد,Schweden,Suecia,Suède,瑞典,Svezia,Zweden,スウェーデン,Швеция,Швеція,스웨덴,Suécia,İsveç,Szwecja,瑞典,Ruotsi
SG,Singapore,سنغافورة,Singapur,Singapur,Singapour,新加坡,Singapore,Singapore,シンガポール,Сингапур,Сінгапур,싱가포르,Cingapura,Singapur,Singapur,新加坡,Singapore
SH,St. Helena,سانت هيلنا,St. Helena,Santa Elena,Sainte-Hélène,圣赫勒拿,Sant'Elena,Sint-Helena,セントヘレナ,Остров Святой Елены,Острів Святої Єлени,세인트헬레나,Santa Helena,St. Helena,Wyspa Świętej Heleny,聖赫勒拿,Saint Helena
SI,Slovenia,سلوفينيا,Slowenien,Eslovenia,Slovénie,斯洛文尼亚,Slovenia,Slovenië,スロベニア,Словения,Словенія,슬로베니아,Eslovênia,Slovenya,Słowenia,斯洛文尼亞,Slovenia
SJ,Svalbard & Jan Mayen,سفالبارد وجان مايان,Svalbard und Jan Mayen,Svalbard y Jan Mayen,Svalbard et Jan Mayen,斯瓦巴特和扬马延群岛,Svalbard e Jan Mayen,Spitsbergen en Jan Mayen,スバールバル諸島・ヤンマイエン島,Шпицберген и Ян Майен,Шпіцберген і острів Ян-Маєн,스발바르 얀마옌 제도,Svalbard e Jan Mayen,Svalbard ve Jan Mayen,Svalbard i Jan Mayen,斯瓦爾巴&揚馬延,Huippuvuoret ja Jan Mayen
SK,Slovakia,سلوفاكيا,Slowakei,Eslovaquia,Slovaquie,斯洛伐克,Slovacchia,Slowakije,スロバキア,Словакия,Словаччина,슬로바키아,Eslováquia,Slovakya,Słowacja,斯洛伐克,Slovakia
SL,Sierra Leone,سيراليون,Sierra Leone,Sierra Leona,Sierra Leone,塞拉利昂,Sierra Leone,Sierra Leone,シエラレオネ,Сьерра-Леоне,Сьєрра-Леоне,시에라리온,Serra Leoa,Sierra Leone,Sierra Leone,塞拉利昂,Sierra Leone
SM,San Marino,سان مارينو,San Marino,San Marino,Saint-Marin,圣马力诺,San Marino,San Marino,サンマリノ,Сан-Марино,Сан-Марино,산마리노,São Marinho,San Marino,San Marino,聖馬力諾,San Marino
SN,Senegal,السنغال,Senegal,Senegal,Sénégal,塞内加尔,Senegal,Senegal,セネガル,Сенегал,Сенегал,세네갈,Senegal,Senegal,Senegal,塞內加爾,Senegal
SO,Somalia,الصومال,Somalia,Somalia,Somalie,索马里,Somalia,Somalië,ソマリア,Сомали,Сомалі,소말리아,Somália,Somali,Somalia,索馬里,Somalia
SR,Suriname,سورينام,Suriname,Surinam,Suriname,苏里南,Suriname,Suriname,スリナム,Суринам,Суринам,수리남,Suriname,Surinam,Surinam,蘇里南,Suriname
SS,South Sudan,جنوب السودان,Südsudan,Sudán del Sur,Soudan du Sud,南苏丹,Sudan del Sud,Zuid-Soedan,南スーダン,Южный Судан,Південний Судан,남수단,Sudão do Sul,Güney Sudan,Sudan Południowy,南蘇丹,Etelä-Sudan
ST,São Tomé & Príncipe,ساو تومي وبرينسيبي,São Tomé und Príncipe,Santo Tomé y Príncipe,Sao Tomé-et-Principe,圣多美和普林西比,São Tomé e Principe,Sao Tomé en Principe,サントメ・プリンシペ,Сан-Томе и Принсипи,Сан-Томе й Принсіпі,상투메 프린시페,São Tomé e Príncipe,São Tomé ve Príncipe,Wyspy Świętego Tomasza i Książęca,聖多美&普林夕比,São Tomé ja Príncipe
SV,El Salvador,السلفادور,El Salvador,El Salvador,Salvador,萨尔瓦多,El Salvador,El Salvador,エルサルバドル,Сальвадор,Сальвадор,엘살바도르,El Salvador,El Salvador,Salwador,薩爾瓦多,El Salvador
SX,Saint Martin,سينت مارتن,Sint Maarten,San Martín,Saint-Martin (partie néerlandaise),圣马丁岛,Saint Martin,Saint-Martin,セントマーチン島,Сен-Мартен,Сен-Мартен,세인트마틴,São Martinho,Saint Martin,Saint Martin,聖馬丁,Saint-Martin
SY,Syria,سوريا,Syrien,Siria,Syrie,叙利亚,Siria,Syrië,シリア,Сирия,Сирія,시리아,Síria,Suriye,Syria,敘利亞,Syyria
SZ,Swaziland,سوازيلاند,Swasiland,Suazilandia,Eswatini,斯威士兰,Swaziland,Swaziland,スワジランド,Эсватини,Есватіні,스와질랜드,Suazilândia,Svaziland,Suazi,斯威士蘭,Swazimaa
TA,Tristan da Cunha,تريستان دي كونها,Tristan da Cunha,Tristán de Acuña,Tristan da Cunha,特里斯坦-达库尼亚群岛,Tristan da Cunha,Tristan da Cunha,トリスタン・ダ・クーニャ,Тристан-да-Кунья,Трістан-да-Кунья,트리스탄다쿠냐,Tristão da Cunha,Tristan da Cunha,Tristan da Cunha,特里斯坦達庫尼亞,Tristan da Cunha
TC,Turks & Caicos Islands,جزر الترك وجايكوس,Turks- und Caicosinseln,Islas Turcas y Caicos,Îles Turques-et-Caïques,特克斯和凯科斯群岛,Isole Turks e Caicos,Turks- en Caicoseilanden,タークス ・カイコス諸島,Острова Теркс и Кайкос,Острови Теркс і Кайкос,터크스 케이커스 제도,Ilhas Turks e Caicos,Turks ve Caicos Adaları,Turks i Caicos,特克斯&凱科斯群島,Turks- ja Caicossaaret
TD,Chad,تشاد,Tschad,Chad,Tchad,乍得,Ciad,Tsjaad,チャド,Чад,Чад,차드,Chade,Çad,Czad,乍得,Tšad
TF,French Southern Territories,المقاطعات الجنوبية الفرنسية,Französische Süd- und Antarktisgebiete,Territorios Australes Franceses,Terres australes françaises,法属南部领地,Terre australi e antartiche francesi,Franse Zuidelijke en Antarctische Gebieden,南フランス領,Французские Южные Территории,Французькі Південні Території,프랑스령 남부 지역,Territórios Franceses do Sul,Fransız Güney Toprakları,Francuskie Terytoria Południowe,法屬南部領地,Ranskan eteläiset alueet
TG,Togo,توجو,Togo,Togo,Togo,多哥,Togo,Togo,トーゴ,Того,Того,토고,Togo,Togo,Togo,多哥,Togo
TH,Thailand,تايلاند,Thailand,Tailandia,Thaïlande,泰国,Thailandia,Thailand,タイ,Таиланд,Таїланд,태국,Tailândia,Tayland,Tajlandia,泰國,Thaimaa
TJ,Tajikistan,طاجكستان,Tadschikistan,Tayikistán,Tadjikistan,塔吉克斯坦,Tagikistan,Tadzjikistan,タジキスタン,Таджикистан,Таджикистан,타지키스탄,Tajiquistão,Tacikistan,Tadżykistan,塔吉克斯坦,Tadžikistan
TK,Tokelau,توكيلو,Tokelau,Tokelau,Tokelau,托克劳,Tokelau,Tokelau,トケラウ諸島,Токелау,Токелау,토켈라우,Toquelau,Tokelau,Tokelau,託克勞,Tokelau
TL,Timor-Leste,تيمور الشرقية,Timor-Leste,Timor Oriental,Timor oriental,东帝汶,Timor Est,Oost-Timor,東ティモール,Восточный Тимор,Східний Тимор,동티모르,Timor Leste,Timor-Leste,Timor Wschodni,東帝汶,Itä-Timor
TM,Turkmenistan,تركمانستان,Turkmenistan,Turkmenistán,Turkménistan,土库曼斯坦,Turkmenistan,Turkmenistan,トルクメニスタン,Туркменистан,Туркменістан,투르크메니스탄,Turquemenistão,Türkmenistan,Turkmenistan,土庫曼斯坦,Turkmenistan
TN,Tunisia,تونس,Tunesien,Túnez,Tunisie,突尼斯,Tunisia,Tunesië,チュニジア,Тунис,Туніс,튀니지,Tunísia,Tunus,Tunezja,突尼斯,Tunisia
TO,Tonga,تونغا,Tonga,Tonga,Tonga,汤加,Tonga,Tonga,トンガ,Тонга,Тонга,통가,Tonga,Tonga,Tonga,湯加,Tonga
TR,Turkey,تركيا,Türkei,Turquía,Turquie,土耳其,Turchia,Turkije,トルコ,Турция,Туреччина,터키,Turquia,Türkiye,Turcja,土耳其,Turkki
TT,Trinidad & Tobago,ترينيداد وتوباغو,Trinidad und Tobago,Trinidad y Tobago,Trinité-et-Tobago,特立尼达和多巴哥,Trinidad e Tobago,Trinidad en Tobago,トリニダード・トバゴ,Тринидад и Тобаго,Тринідад і Тобаго,트리니다드 토바고,Trinidad e Tobago,Trinidad ve Tobago,Trynidad i Tobago,特立尼達&多巴哥,Trinidad ja Tobago
TV,Tuvalu,توفالو,Tuvalu,Tuvalu,Tuvalu,图瓦卢,Tuvalu,Tuvalu,ツバル,Тувалу,Тувалу,투발루,Tuvalu,Tuvalu,Tuvalu,圖瓦盧,Tuvalu
TW,Taiwan,تايوان,Taiwan,Taiwán,Taïwan,台湾,Taiwan,Taiwan,台湾,Тайвань,Тайвань,대만,Taiwan,Tayvan,Tajwan,臺灣,Taiwan
TZ,Tanzania,تانزانيا,Tansania,Tanzania,Tanzanie,坦桑尼亚,Tanzania,Tanzania,タンザニア,Танзания,Танзанія,탄자니아,Tanzânia,Tanzanya,Tanzania,坦桑尼亞,Tansania
UA,Ukraine,أوكرانيا,Ukraine,Ucrania,Ukraine,乌克兰,Ucraina,Oekraïne,ウクライナ,Украина,Україна,우크라이나,Ucrânia,Ukrayna,Ukraina,烏克蘭,Ukraina
UG,Uganda,أوغندا,Uganda,Uganda,Ouganda,乌干达,Uganda,Oeganda,ウガンダ,Уганда,Уганда,우간다,Uganda,Uganda,Uganda,烏干達,Uganda
UM,U.S. Outlying Islands,جزر الولايات المتحدة النائية,Amerikanisch-Ozeanien,Islas menores alejadas de EE. UU.,Îles mineures éloignées des États-Unis,美国本土外小岛屿,Altre isole americane del Pacifico,Kleine afgelegen eilanden van de Verenigde Staten,米領太平洋諸島,Внешние острова США,Малі віддалені острови США,미국령 군소 제도,Ilhas Distantes dos EUA,ABD Küçük Harici Adaları,Dalekie Wyspy Mniejsze Stanów Zjednoczonych,美屬外部島嶼,Yhdysvaltain pienet erillissaaret
US,United States,الولايات المتحدة,USA,Estados Unidos,États-Unis,美国,Stati Uniti,Verenigde Staten,米国,США,США,미국,Estados Unidos,Birleşik Devletler,Stany Zjednoczone,美國,Yhdysvallat
UY,Uruguay,أورغواي,Uruguay,Uruguay,Uruguay,乌拉圭,Uruguay,Uruguay,ウルグアイ,Уругвай,Уругвай,우루과이,Uruguai,Uruguay,Urugwaj,烏拉圭,Uruguay
UZ,Uzbekistan,أوزبكستان,Usbekistan,Uzbekistán,Ouzbékistan,乌兹别克斯坦,Uzbekistan,Oezbekistan,ウズベキスタン,Узбекистан,Узбекистан,우즈베키스탄,Usbequistão,Özbekistan,Uzbekistan,烏茲別克斯坦,Uzbekistan
VA,Vatican City,الفاتيكان,Vatikanstadt,Ciudad del Vaticano,Cité du Vatican,梵蒂冈,Città del Vaticano,Vaticaanstad,バチカン市国,Ватикан,Ватикан,바티칸 시국,Cidade do Vaticano,Vatikan Şehri,Watykan,梵蒂岡城,Vatikaanivaltio
VC,St. Vincent & Grenadines,سانت فنسنت وغرنادين,St. Vincent und die Grenadinen,San Vicente y las Granadinas,Saint-Vincent-et-les-Grenadines,圣文森特和格林纳丁斯,Saint Vincent e Grenadine,Saint Vincent en de Grenadines,セントビンセント・グレナディーン,Сент-Винсент и Гренадины,Сент-Вінсент і Гренадини,세인트빈센트 그레나딘,São Vicente e Granadinas,Saint Vincent ve Grenadinler,St. Vincent i Grenadyny,聖文森特&格林納丁斯,Saint Vincent ja Grenadiinit
VE,Venezuela,فنزويلا,Venezuela,Venezuela,Vénézuéla,委内瑞拉,Venezuela,Venezuela,ベネズエラ,Венесуэла,Венесуела,베네수엘라,Venezuela,Venezuela,Wenezuela,委內瑞拉,Venezuela
VG,British Virgin Islands,جزر فرجين البريطانية,Britische Jungferninseln,Islas Vírgenes Británicas,Îles Vierges britanniques,英属维京群岛,Isole Vergini Britanniche,Britse Maagdeneilanden,イギリス領ヴァージン諸島,Британские Виргинские острова,Британські Віргінські острови,영국령 버진아일랜드,Ilhas Virgens Britânicas,İngiliz Virgin Adaları,Brytyjskie Wyspy Dziewicze,英屬維爾京群島,Brittiläiset Neitsytsaaret
VI,U.S. Virgin Islands,جزر فرجين الأمريكية,Amerikanische Jungferninseln,Islas Vírgenes de EE. UU.,Îles Vierges des États-Unis,美属维京群岛,Isole Vergini Americane,Amerikaanse Maagdeneilanden,米領ヴァージン諸島,Американские Виргинские острова,Американські Віргінські острови,미국령 버진아일랜드,Ilhas Virgens Americanas,ABD Virgin Adaları,Wyspy Dziewicze Stanów Zjednoczonych,美屬維爾京群島,Yhdysvaltain Neitsytsaaret
VN,Vietnam,فيتنام,Vietnam,Vietnam,Viêt Nam,越南,Vietnam,Vietnam,ベトナム,Вьетнам,В'єтнам,베트남,Vietnã,Vietnam,Wietnam,越南,Vietnam
VU,Vanuatu,فانواتو,Vanuatu,Vanuatu,Vanuatu,瓦努阿图,Vanuatu,Vanuatu,バヌアツ,Вануату,Вануату,바누아투,Vanuatu,Vanuatu,Vanuatu,瓦努阿圖,Vanuatu
WF,Wallis & Futuna,والس و فوتونا,Wallis und Futuna,Wallis y Futuna,Wallis-et-Futuna,瓦利斯和富图纳群岛,Wallis e Futuna,Wallis en Futuna,ウォリス・フツナ,Уоллис и Футуна,Острови Уолліс і Футуна,왈리스 푸투나,Wallis e Futuna,Wallis ve Futuna,Wallis i Futuna,瓦里斯&富圖納,Wallis ja Futuna
WS,Samoa,ساموا,Samoa,Samoa,Samoa,萨摩亚,Samoa,Samoa,サモア,Самоа,Самоа,사모아,Samoa,Samoa,Samoa,薩摩亞,Samoa
XK,Kosovo,كوسوفو,Kosovo,Kosovo,Kosovo,科索沃,Kosovo,Kosovo,コソボ,Косово,Косово,코소보,Kosovo,Kosova,Kosowo,科索沃,Kosovo
YE,Yemen,اليمن,Jemen,Yemen,Yémen,也门,Yemen,Jemen,イエメン,Йемен,Ємен,예멘,Iêmen,Yemen,Jemen,也門,Jemen
YT,Mayotte,مايوت,Mayotte,Mayotte,Mayotte,马约特,Mayotte,Mayotte,マヨット,Майотта,Майотта,마요트,Maiote,Mayotte,Majotta,馬約特,Mayotte
ZA,South Africa,جنوب أفريقيا,Südafrika,Sudáfrica,Afrique du Sud,南非,Sudafrica,Zuid-Afrika,南アフリカ,Южно-Африканская Республика,Південно-Африканська Республіка,남아프리카 공화국,África do Sul,Güney Afrika,Republika Południowej Afryki,南非,Etelä-Afrikka
ZM,Zambia,زامبيا,Sambia,Zambia,Zambie,赞比亚,Zambia,Zambia,ザンビア,Замбия,Замбія,잠비아,Zâmbia,Zambiya,Zambia,贊比亞,Sambia
ZW,Zimbabwe,زيمبابوي,Simbabwe,Zimbabue,Zimbabwe,津巴布韦,Zimbabwe,Zimbabwe,ジンバブエ,Зимбабве,Зімбабве,짐바브웨,Zimbábue,Zimbabve,Zimbabwe,津巴布韋,Zimbabwe
,,,,,,,,,,,,,,,,,
